<?xml version="1.0" encoding="UTF-8"?>
<fileResource exportedWithPermissions="true" dataFile="glyph_icons_sprite-responsive.svg.data">
    <folder>/organizations/organization_1/themes/default/jasper-ui/images</folder>
    <name>glyph_icons_sprite-responsive.svg</name>
    <version>0</version>
    <label>glyph_icons_sprite-responsive.svg</label>
    <creationDate>2019-03-15T10:26:26.676+05:30</creationDate>
    <updateDate>2018-05-05T18:23:23.523+05:30</updateDate>
    <fileType>img</fileType>
</fileResource>
