<?xml version="1.0" encoding="UTF-8"?>
<folder exportedWithPermissions="true">
    <parent>/public/monitoring</parent>
    <name>datasources</name>
    <label>Monitoring Data Sources</label>
    <description>Monitoring Data Sources</description>
    <creationDate>2019-03-15T10:25:39.664+05:30</creationDate>
    <updateDate>2018-05-05T18:23:49.379+05:30</updateDate>
    <resource>ReportMonitoringDataSource</resource>
    <permission>
        <permissionMask>0</permissionMask>
        <recipient recipientType="role">ROLE_USER</recipient>
    </permission>
    <permission>
        <permissionMask>0</permissionMask>
        <recipient recipientType="role">ROLE_ADMINISTRATOR</recipient>
    </permission>
</folder>
