<?xml version="1.0" encoding="UTF-8"?>
<jndiJdbcDataSource exportedWithPermissions="true">
    <folder>/public/monitoring/datasources</folder>
    <name>ReportMonitoringDataSource</name>
    <version>1</version>
    <label>Report Monitoring Data Source</label>
    <description>Report Monitoring Data Source</description>
    <creationDate>2019-03-15T11:49:05.825+05:30</creationDate>
    <updateDate>2018-05-05T18:23:49.405+05:30</updateDate>
    <jndiName>jdbc/jasperserver</jndiName>
</jndiJdbcDataSource>
