<?xml version="1.0" encoding="UTF-8"?>
<mondrianXmlaDefinition exportedWithPermissions="true">
    <folder>/organizations/organization_1/performance/xmla/definitions</folder>
    <name>ProfileXmlaDefinition</name>
    <version>1</version>
    <label>Profile XMLA Connection</label>
    <description>Profile XML/A Connection</description>
    <creationDate>2019-03-15T11:49:37.528+05:30</creationDate>
    <updateDate>2018-05-05T18:23:52.139+05:30</updateDate>
    <catalog>Profile</catalog>
    <mondrianConnection>
        <uri>/organizations/organization_1/performance/connections/Profile</uri>
    </mondrianConnection>
</mondrianXmlaDefinition>
