<?xml version="1.0" encoding="UTF-8"?>
<folder exportedWithPermissions="true">
    <parent>/public/monitoring</parent>
    <name>domains</name>
    <label>Monitoring Domains</label>
    <description>Monitoring Domains</description>
    <creationDate>2019-03-15T10:25:39.735+05:30</creationDate>
    <updateDate>2018-05-05T18:23:49.394+05:30</updateDate>
    <resource>ReportMonitoringDomain</resource>
    <permission>
        <permissionMask>0</permissionMask>
        <recipient recipientType="role">ROLE_USER</recipient>
    </permission>
    <permission>
        <permissionMask>0</permissionMask>
        <recipient recipientType="role">ROLE_ADMINISTRATOR</recipient>
    </permission>
</folder>
