<?xml version="1.0" encoding="UTF-8"?>
<folder exportedWithPermissions="true">
    <parent>/organizations/organization_1/themes/default/jasper-ui</parent>
    <name>fonts</name>
    <label>fonts</label>
    <creationDate>2019-03-15T10:25:43.894+05:30</creationDate>
    <updateDate>2018-05-05T18:23:21.819+05:30</updateDate>
    <resource>icons.eot</resource>
    <resource>icons.svg</resource>
    <resource>icons.ttf</resource>
    <resource>icons.woff</resource>
    <resource>OpenSans-Italic-webfont.eot</resource>
    <resource>OpenSans-Italic-webfont.svg</resource>
    <resource>OpenSans-Italic-webfont.ttf</resource>
    <resource>OpenSans-Italic-webfont.woff</resource>
    <resource>OpenSans-Italic-webfont.woff2</resource>
    <resource>OpenSans-Regular-webfont.eot</resource>
    <resource>OpenSans-Regular-webfont.svg</resource>
    <resource>OpenSans-Regular-webfont.ttf</resource>
    <resource>OpenSans-Regular-webfont.woff</resource>
    <resource>OpenSans-Regular-webfont.woff2</resource>
    <resource>OpenSans-SemiboldItalic-webfont.eot</resource>
    <resource>OpenSans-SemiboldItalic-webfont.svg</resource>
    <resource>OpenSans-SemiboldItalic-webfont.ttf</resource>
    <resource>OpenSans-SemiboldItalic-webfont.woff</resource>
    <resource>OpenSans-SemiboldItalic-webfont.woff2</resource>
    <resource>OpenSans-Semibold-webfont.eot</resource>
    <resource>OpenSans-Semibold-webfont.svg</resource>
    <resource>OpenSans-Semibold-webfont.ttf</resource>
    <resource>OpenSans-Semibold-webfont.woff</resource>
    <resource>OpenSans-Semibold-webfont.woff2</resource>
</folder>
