<?xml version="1.0" encoding="UTF-8"?>
<fileResource exportedWithPermissions="true" dataFile="OpenSans-Semibold-webfont.svg.data">
    <folder>/organizations/organization_1/themes/default/jasper-ui/fonts</folder>
    <name>OpenSans-Semibold-webfont.svg</name>
    <version>0</version>
    <label>OpenSans-Semibold-webfont.svg</label>
    <creationDate>2019-03-15T10:26:26.155+05:30</creationDate>
    <updateDate>2018-05-05T18:23:22.570+05:30</updateDate>
    <fileType>font</fileType>
</fileResource>
