<?xml version="1.0" encoding="UTF-8"?>
<fileResource exportedWithPermissions="true" dataFile="OpenSans-Regular-webfont.woff2.data">
    <folder>/organizations/organization_1/themes/default/jasper-ui/fonts</folder>
    <name>OpenSans-Regular-webfont.woff2</name>
    <version>0</version>
    <label>OpenSans-Regular-webfont.woff2</label>
    <creationDate>2019-03-15T10:26:25.812+05:30</creationDate>
    <updateDate>2018-05-05T18:23:22.441+05:30</updateDate>
    <fileType>font</fileType>
</fileResource>
