<?xml version="1.0" encoding="UTF-8"?>
<fileResource exportedWithPermissions="true" dataFile="OpenSans-SemiboldItalic-webfont.woff.data">
    <folder>/organizations/organization_1/themes/default/jasper-ui/fonts</folder>
    <name>OpenSans-SemiboldItalic-webfont.woff</name>
    <version>0</version>
    <label>OpenSans-SemiboldItalic-webfont.woff</label>
    <creationDate>2019-03-15T10:26:26.009+05:30</creationDate>
    <updateDate>2018-05-05T18:23:23.121+05:30</updateDate>
    <fileType>font</fileType>
</fileResource>
