<?xml version="1.0" encoding="UTF-8"?>
<fileResource exportedWithPermissions="true" dataFile="adhoc_toolbar_buttons_sprite.png.data">
    <folder>/organizations/organization_1/themes/default/images</folder>
    <name>adhoc_toolbar_buttons_sprite.png</name>
    <version>0</version>
    <label>adhoc_toolbar_buttons_sprite.png</label>
    <creationDate>2019-03-15T10:26:19.918+05:30</creationDate>
    <updateDate>2018-05-05T18:23:18.398+05:30</updateDate>
    <fileType>img</fileType>
</fileResource>
