<?xml version="1.0" encoding="UTF-8"?>
<fileResource exportedWithPermissions="true" dataFile="control_icons_sprite_vertical.png.data">
    <folder>/organizations/organization_1/themes/default/images</folder>
    <name>control_icons_sprite_vertical.png</name>
    <version>0</version>
    <label>control_icons_sprite_vertical.png</label>
    <creationDate>2019-03-15T10:26:20.722+05:30</creationDate>
    <updateDate>2018-05-05T18:23:18.977+05:30</updateDate>
    <fileType>img</fileType>
</fileResource>
