<?xml version="1.0" encoding="UTF-8"?>
<fileResource exportedWithPermissions="true" dataFile="dashboard_toolbar_buttons_sprite.png.data">
    <folder>/organizations/organization_1/themes/default/images</folder>
    <name>dashboard_toolbar_buttons_sprite.png</name>
    <version>0</version>
    <label>dashboard_toolbar_buttons_sprite.png</label>
    <creationDate>2019-03-15T10:26:20.948+05:30</creationDate>
    <updateDate>2018-05-05T18:23:19.090+05:30</updateDate>
    <fileType>img</fileType>
</fileResource>
