<?xml version="1.0" encoding="UTF-8"?>
<fileResource exportedWithPermissions="true" dataFile="tabs_horizontal_buttons_bkgd.png.data">
    <folder>/organizations/organization_1/themes/default/images</folder>
    <name>tabs_horizontal_buttons_bkgd.png</name>
    <version>0</version>
    <label>tabs_horizontal_buttons_bkgd.png</label>
    <creationDate>2019-03-15T10:26:23.437+05:30</creationDate>
    <updateDate>2018-05-05T18:23:21.475+05:30</updateDate>
    <fileType>img</fileType>
</fileResource>
