<?xml version="1.0" encoding="UTF-8"?>
<folder exportedWithPermissions="true">
    <parent>/public</parent>
    <name>audit</name>
    <label>Audit</label>
    <description>Audit Components</description>
    <creationDate>2019-03-15T10:25:37.518+05:30</creationDate>
    <updateDate>2018-05-05T18:23:45.499+05:30</updateDate>
    <folder>datasources</folder>
    <folder>domains</folder>
    <folder>reports</folder>
    <permission>
        <permissionMask>0</permissionMask>
        <recipient recipientType="role">ROLE_USER</recipient>
    </permission>
</folder>
