<?xml version="1.0" encoding="UTF-8"?>
<folder exportedWithPermissions="true">
    <parent>/organizations/organization_1</parent>
    <name>Kpro</name>
    <label>Kpro</label>
    <description></description>
    <creationDate>2019-03-15T11:48:52.613+05:30</creationDate>
    <updateDate>2019-02-18T13:25:51.525+05:30</updateDate>
    <folder>Pankaj</folder>
    <resource>New_Dashboard</resource>
    <resource>TaskReport</resource>
    <resource>TaskReport_v1</resource>
    <resource>TaskStatus_count</resource>
    <resource>TaskTimeCalculation</resource>
    <resource>Team_Performance</resource>
    <resource>TeamPerformanceReport</resource>
</folder>
