<?xml version="1.0" encoding="UTF-8"?>
<semanticLayerDataSource exportedWithPermissions="true">
    <folder>/organizations/organization_1/Kpro</folder>
    <name>TaskTimeCalculation</name>
    <version>0</version>
    <label>TaskTimeCalculation</label>
    <description></description>
    <creationDate>2019-03-15T11:49:02.279+05:30</creationDate>
    <updateDate>2019-02-20T20:40:16.680+05:30</updateDate>
    <schema>
        <localResource
            xmlns:xsi="http://www.w3.org/2001/XMLSchema-instance"
            exportedWithPermissions="false" dataFile="schema.data" xsi:type="fileResource">
            <folder>/organizations/organization_1/Kpro/TaskTimeCalculation_files</folder>
            <name>schema</name>
            <version>0</version>
            <label>schema</label>
            <description>schema</description>
            <creationDate>2019-03-15T11:49:02.279+05:30</creationDate>
            <updateDate>2019-02-20T20:40:16.680+05:30</updateDate>
            <fileType>xml</fileType>
        </localResource>
    </schema>
    <dataSource>
        <alias>MySQL</alias>
        <dataSourceReference>
            <uri>/organizations/organization_1/datasources/MySQL</uri>
        </dataSourceReference>
    </dataSource>
</semanticLayerDataSource>
