<?xml version="1.0" encoding="UTF-8"?>
<reportUnit exportedWithPermissions="true">
    <folder>/organizations/organization_1/Kpro</folder>
    <name>TaskStatus_count</name>
    <version>0</version>
    <label>TaskStatus_count</label>
    <description></description>
    <creationDate>2019-03-15T11:49:01.842+05:30</creationDate>
    <updateDate>2019-02-22T22:03:46.267+05:30</updateDate>
    <mainReport>
        <localResource
            xmlns:xsi="http://www.w3.org/2001/XMLSchema-instance"
            exportedWithPermissions="false" dataFile="main_jrxml.data" xsi:type="fileResource">
            <folder>/organizations/organization_1/Kpro/TaskStatus_count_files</folder>
            <name>main_jrxml</name>
            <version>0</version>
            <label>main_jrxml</label>
            <creationDate>2019-03-15T11:49:01.842+05:30</creationDate>
            <updateDate>2019-02-22T22:03:46.185+05:30</updateDate>
            <fileType>jrxml</fileType>
        </localResource>
    </mainReport>
    <dataSource>
        <uri>/organizations/organization_1/datasources/MySQL</uri>
    </dataSource>
    <resource>
        <localResource
            xmlns:xsi="http://www.w3.org/2001/XMLSchema-instance"
            exportedWithPermissions="false" dataFile="Taskcom.PNG.data" xsi:type="fileResource">
            <folder>/organizations/organization_1/Kpro/TaskStatus_count_files</folder>
            <name>Taskcom.PNG</name>
            <version>0</version>
            <label>Taskcom.PNG</label>
            <creationDate>2019-03-15T11:49:01.842+05:30</creationDate>
            <updateDate>2019-02-22T21:57:45.331+05:30</updateDate>
            <fileType>img</fileType>
        </localResource>
    </resource>
    <resource>
        <localResource
            xmlns:xsi="http://www.w3.org/2001/XMLSchema-instance"
            exportedWithPermissions="false"
            dataFile="kpro_logo.png.data" xsi:type="fileResource">
            <folder>/organizations/organization_1/Kpro/TaskStatus_count_files</folder>
            <name>kpro_logo.png</name>
            <version>0</version>
            <label>kpro logo.png</label>
            <creationDate>2019-03-15T11:49:01.842+05:30</creationDate>
            <updateDate>2019-02-22T21:30:36.487+05:30</updateDate>
            <fileType>img</fileType>
        </localResource>
    </resource>
    <alwaysPromptControls>true</alwaysPromptControls>
    <controlsLayout>1</controlsLayout>
</reportUnit>
