<?xml version="1.0" encoding="UTF-8"?>
<reportUnit exportedWithPermissions="true">
    <folder>/organizations/organization_1/Kpro</folder>
    <name>TaskReport_v1</name>
    <version>0</version>
    <label>TaskReport_v1</label>
    <description></description>
    <creationDate>2019-03-15T11:49:02.192+05:30</creationDate>
    <updateDate>2019-02-19T14:08:31.887+05:30</updateDate>
    <mainReport>
        <localResource
            xmlns:xsi="http://www.w3.org/2001/XMLSchema-instance"
            exportedWithPermissions="false" dataFile="main_jrxml.data" xsi:type="fileResource">
            <folder>/organizations/organization_1/Kpro/TaskReport_v1_files</folder>
            <name>main_jrxml</name>
            <version>0</version>
            <label>Main jrxml</label>
            <creationDate>2019-03-15T11:49:02.192+05:30</creationDate>
            <updateDate>2019-02-19T11:39:04.883+05:30</updateDate>
            <fileType>jrxml</fileType>
        </localResource>
    </mainReport>
    <dataSource>
        <uri>/organizations/organization_1/datasources/MySQL</uri>
    </dataSource>
    <inputControl>
        <localResource
            xmlns:xsi="http://www.w3.org/2001/XMLSchema-instance"
            exportedWithPermissions="false" xsi:type="inputControl">
            <folder>/organizations/organization_1/Kpro/TaskReport_v1_files</folder>
            <name>Resource_Name</name>
            <version>0</version>
            <label>Resource_Name</label>
            <description></description>
            <creationDate>2019-03-15T11:49:02.192+05:30</creationDate>
            <updateDate>2019-02-19T14:09:49.585+05:30</updateDate>
            <type>4</type>
            <mandatory>false</mandatory>
            <readOnly>false</readOnly>
            <visible>true</visible>
            <query>
                <localResource exportedWithPermissions="false" xsi:type="query">
                    <folder>/organizations/organization_1/Kpro/TaskReport_v1_files/Resource_Name_files</folder>
                    <name>resource_name</name>
                    <version>0</version>
                    <label>resource_name</label>
                    <description></description>
                    <creationDate>2019-03-15T11:49:02.192+05:30</creationDate>
                    <updateDate>2019-02-19T14:09:49.585+05:30</updateDate>
                    <language>sql</language>
                    <queryString>select distinct resource from sample </queryString>
                    <dataSource>
                        <uri>/organizations/organization_1/datasources/MySQL</uri>
                    </dataSource>
                </localResource>
            </query>
            <queryVisibleColumn>Resource_Name</queryVisibleColumn>
            <queryValueColumn>Resource_Name</queryValueColumn>
        </localResource>
    </inputControl>
    <inputControlRenderingView></inputControlRenderingView>
    <alwaysPromptControls>true</alwaysPromptControls>
    <controlsLayout>4</controlsLayout>
</reportUnit>
