<?xml version="1.0" encoding="UTF-8"?>
<reportUnit exportedWithPermissions="true">
    <folder>/organizations/organization_1/Kpro</folder>
    <name>TeamPerformanceReport</name>
    <version>0</version>
    <label>TeamPerformanceReport</label>
    <description></description>
    <creationDate>2019-03-15T11:49:02.431+05:30</creationDate>
    <updateDate>2019-02-22T21:25:17.286+05:30</updateDate>
    <mainReport>
        <localResource
            xmlns:xsi="http://www.w3.org/2001/XMLSchema-instance"
            exportedWithPermissions="false" dataFile="main_jrxml.data" xsi:type="fileResource">
            <folder>/organizations/organization_1/Kpro/TeamPerformanceReport_files</folder>
            <name>main_jrxml</name>
            <version>0</version>
            <label>Main jrxml</label>
            <creationDate>2019-03-15T11:49:02.431+05:30</creationDate>
            <updateDate>2019-02-22T21:25:17.070+05:30</updateDate>
            <fileType>jrxml</fileType>
        </localResource>
    </mainReport>
    <dataSource>
        <uri>/organizations/organization_1/datasources/MySQL</uri>
    </dataSource>
    <inputControl>
        <localResource
            xmlns:xsi="http://www.w3.org/2001/XMLSchema-instance"
            exportedWithPermissions="false" xsi:type="inputControl">
            <folder>/organizations/organization_1/Kpro/TeamPerformanceReport_files</folder>
            <name>week</name>
            <version>0</version>
            <label>week</label>
            <description></description>
            <creationDate>2019-03-15T11:49:02.431+05:30</creationDate>
            <updateDate>2019-02-22T21:25:17.286+05:30</updateDate>
            <type>4</type>
            <mandatory>false</mandatory>
            <readOnly>false</readOnly>
            <visible>true</visible>
            <query>
                <localResource exportedWithPermissions="false" xsi:type="query">
                    <folder>/organizations/organization_1/Kpro/TeamPerformanceReport_files/week_files</folder>
                    <name>week</name>
                    <version>0</version>
                    <label>week</label>
                    <description></description>
                    <creationDate>2019-03-15T11:49:02.431+05:30</creationDate>
                    <updateDate>2019-02-22T21:25:17.286+05:30</updateDate>
                    <language>sql</language>
                    <queryString>select distinct week from sample
order by week asc</queryString>
                    <dataSource>
                        <uri>/organizations/organization_1/datasources/MySQL</uri>
                    </dataSource>
                </localResource>
            </query>
            <queryVisibleColumn>week</queryVisibleColumn>
            <queryValueColumn>week</queryValueColumn>
        </localResource>
    </inputControl>
    <resource>
        <localResource
            xmlns:xsi="http://www.w3.org/2001/XMLSchema-instance"
            exportedWithPermissions="false"
            dataFile="kpro_logo.png.data" xsi:type="fileResource">
            <folder>/organizations/organization_1/Kpro/TeamPerformanceReport_files</folder>
            <name>kpro_logo.png</name>
            <version>0</version>
            <label>kpro logo.png</label>
            <creationDate>2019-03-15T11:49:02.431+05:30</creationDate>
            <updateDate>2019-02-22T21:25:17.164+05:30</updateDate>
            <fileType>img</fileType>
        </localResource>
    </resource>
    <inputControlRenderingView></inputControlRenderingView>
    <alwaysPromptControls>true</alwaysPromptControls>
    <controlsLayout>4</controlsLayout>
</reportUnit>
