<?xml version="1.0" encoding="UTF-8"?>
<jndiJdbcDataSource exportedWithPermissions="true">
    <folder>/organizations/organization_1/performance/datasources</folder>
    <name>ProfileDataSourceJNDI</name>
    <version>1</version>
    <label>Profile Data Source JNDI</label>
    <description>Profile Data Source JNDI</description>
    <creationDate>2019-03-15T11:49:33.392+05:30</creationDate>
    <updateDate>2018-05-05T18:23:31.170+05:30</updateDate>
    <jndiName>jdbc/jasperserver</jndiName>
</jndiJdbcDataSource>
