<?xml version="1.0" encoding="UTF-8"?>
<adhocDataView exportedWithPermissions="true">
    <folder>/public/Samples/Ad_Hoc_Views</folder>
    <name>02__Sales_Mix_by_Demographic</name>
    <version>1</version>
    <label>02. Sales Mix by Demographic</label>
    <description>Sample HTML5 Spider Line chart from OLAP source</description>
    <creationDate>2019-03-15T11:49:08.127+05:30</creationDate>
    <updateDate>2014-04-25T21:35:59.578+05:30</updateDate>
    <dataSource>
        <uri>/public/Samples/Data_Sources/connections/Foodmart2013</uri>
    </dataSource>
    <resource>
        <localResource
            xmlns:xsi="http://www.w3.org/2001/XMLSchema-instance"
            exportedWithPermissions="false" dataFile="topicJRXML.data" xsi:type="fileResource">
            <folder>/public/Samples/Ad_Hoc_Views/02__Sales_Mix_by_Demographic_files</folder>
            <name>topicJRXML</name>
            <version>1</version>
            <label>topicJRXML</label>
            <creationDate>2019-03-15T11:49:08.127+05:30</creationDate>
            <updateDate>2014-04-25T21:27:43.702+05:30</updateDate>
            <fileType>jrxml</fileType>
        </localResource>
    </resource>
    <resource>
        <localResource
            xmlns:xsi="http://www.w3.org/2001/XMLSchema-instance"
            exportedWithPermissions="false" dataFile="stateXML.data" xsi:type="fileResource">
            <folder>/public/Samples/Ad_Hoc_Views/02__Sales_Mix_by_Demographic_files</folder>
            <name>stateXML</name>
            <version>1</version>
            <label>stateXML</label>
            <creationDate>2019-03-15T11:49:08.127+05:30</creationDate>
            <updateDate>2014-04-25T21:27:43.702+05:30</updateDate>
            <fileType>xml</fileType>
        </localResource>
    </resource>
    <alwaysPromptControls>false</alwaysPromptControls>
    <controlsLayout>1</controlsLayout>
</adhocDataView>
