<?xml version="1.0" encoding="UTF-8"?>
<folder exportedWithPermissions="true">
    <parent>/organizations/organization_1</parent>
    <name>datasources</name>
    <label>Data Sources</label>
    <description>Data Sources used by reports</description>
    <creationDate>2019-03-15T10:25:38.781+05:30</creationDate>
    <updateDate>2018-05-05T18:23:30.047+05:30</updateDate>
    <resource>JServerJdbcDS</resource>
    <resource>JServerJNDIDS</resource>
    <resource>MySQL</resource>
    <resource>repositoryDS</resource>
    <resource>SugarFoodmartVDS</resource>
    <permission>
        <permissionMask>32</permissionMask>
        <recipient recipientType="role">ROLE_USER</recipient>
    </permission>
</folder>
