<?xml version="1.0" encoding="UTF-8"?>
<jdbcDataSource exportedWithPermissions="true">
    <folder>/organizations/organization_1/datasources</folder>
    <name>MySQL</name>
    <version>0</version>
    <label>MySQL</label>
    <description>from localhost to MySQL connection</description>
    <creationDate>2019-03-15T11:49:00.437+05:30</creationDate>
    <updateDate>2019-02-22T14:38:10.869+05:30</updateDate>
    <driver>com.mysql.jdbc.Driver</driver>
    <connectionUrl>jdbc:mysql://localhost:3306/kpro?tinyInt1isBit=false</connectionUrl>
    <connectionUser>root</connectionUser>
    <connectionPassword>ENC&lt;323B2C13597F0CC7906A900C7DD5C4E5&gt;</connectionPassword>
    <timezone></timezone>
</jdbcDataSource>
