<?xml version="1.0" encoding="UTF-8"?>
<virtualDataSource exportedWithPermissions="true">
    <folder>/organizations/organization_1/datasources</folder>
    <name>SugarFoodmartVDS</name>
    <version>1</version>
    <label>SugarCRM-Foodmart Virtual Data Source</label>
    <description>Virtual Data Source Combining SugarCRM and Foodmart</description>
    <creationDate>2019-03-15T11:49:00.725+05:30</creationDate>
    <updateDate>2018-05-05T18:23:30.436+05:30</updateDate>
    <dataSource>
        <alias>FoodmartDataSource</alias>
        <dataSourceReference>
            <uri>/organizations/organization_1/analysis/datasources/FoodmartDataSourceJNDI</uri>
        </dataSourceReference>
    </dataSource>
    <dataSource>
        <alias>SugarCRMDataSource</alias>
        <dataSourceReference>
            <uri>/organizations/organization_1/analysis/datasources/SugarCRMDataSourceJNDI</uri>
        </dataSourceReference>
    </dataSource>
</virtualDataSource>
