<?xml version="1.0" encoding="UTF-8"?>
<folder exportedWithPermissions="true">
    <parent>/organizations/organization_1/Analytics_Report</parent>
    <name>Text_Analysis</name>
    <label>Text Analysis</label>
    <description></description>
    <creationDate>2019-03-15T11:48:55.368+05:30</creationDate>
    <updateDate>2019-03-07T11:48:24.791+05:30</updateDate>
    <folder>Dashboard_Report</folder>
    <resource>Count_vs_Accuracy</resource>
    <resource>DetailsTranscriptReport</resource>
    <resource>Text_Analytics_Dashboard</resource>
    <resource>WordCloud</resource>
</folder>
