<?xml version="1.0" encoding="UTF-8"?>
<dashboardModelResource exportedWithPermissions="true">
    <folder>/organizations/organization_1/Analytics_Report/Text_Analysis</folder>
    <name>Text_Analytics_Dashboard</name>
    <version>0</version>
    <label>Text Analytics Dashboard</label>
    <creationDate>2019-03-15T11:49:31.976+05:30</creationDate>
    <updateDate>2019-03-09T14:44:12.184+05:30</updateDate>
    <defaultFoundation>default</defaultFoundation>
    <foundation>
        <id>default</id>
        <layout>layout</layout>
        <wiring>wiring</wiring>
        <components>components</components>
    </foundation>
    <resourceDescriptor>
        <type>wiring</type>
        <id>wiring</id>
    </resourceDescriptor>
    <resourceDescriptor>
        <type>layout</type>
        <id>layout</id>
    </resourceDescriptor>
    <resourceDescriptor>
        <type>components</type>
        <id>components</id>
    </resourceDescriptor>
    <resourceDescriptor>
        <type>reportUnit</type>
        <id>/Analytics_Report/Text_Analysis/WordCloud</id>
    </resourceDescriptor>
    <resourceDescriptor>
        <type>reportUnit</type>
        <id>/Analytics_Report/Text_Analysis/Dashboard_Report/DetailsTranscriptReport</id>
    </resourceDescriptor>
    <resourceDescriptor>
        <type>reportUnit</type>
        <id>/Analytics_Report/Text_Analysis/Count_vs_Accuracy</id>
    </resourceDescriptor>
    <resource>
        <localResource
            xmlns:xsi="http://www.w3.org/2001/XMLSchema-instance"
            exportedWithPermissions="false" dataFile="wiring.data" xsi:type="fileResource">
            <folder>/organizations/organization_1/Analytics_Report/Text_Analysis/Text_Analytics_Dashboard_files</folder>
            <name>wiring</name>
            <version>0</version>
            <label>wiring</label>
            <creationDate>2019-03-15T11:49:31.976+05:30</creationDate>
            <updateDate>2019-03-09T14:44:12.184+05:30</updateDate>
            <fileType>json</fileType>
        </localResource>
    </resource>
    <resource>
        <localResource
            xmlns:xsi="http://www.w3.org/2001/XMLSchema-instance"
            exportedWithPermissions="false" dataFile="layout" xsi:type="contentResource">
            <folder>/organizations/organization_1/Analytics_Report/Text_Analysis/Text_Analytics_Dashboard_files</folder>
            <name>layout</name>
            <version>0</version>
            <label>layout</label>
            <creationDate>2019-03-15T11:49:31.976+05:30</creationDate>
            <updateDate>2019-03-09T14:44:12.184+05:30</updateDate>
            <fileType>html</fileType>
        </localResource>
    </resource>
    <resource>
        <localResource
            xmlns:xsi="http://www.w3.org/2001/XMLSchema-instance"
            exportedWithPermissions="false" dataFile="components.data" xsi:type="fileResource">
            <folder>/organizations/organization_1/Analytics_Report/Text_Analysis/Text_Analytics_Dashboard_files</folder>
            <name>components</name>
            <version>0</version>
            <label>components</label>
            <creationDate>2019-03-15T11:49:31.976+05:30</creationDate>
            <updateDate>2019-03-09T14:44:12.184+05:30</updateDate>
            <fileType>dashboardComponent</fileType>
        </localResource>
    </resource>
    <resource>
        <uri>/organizations/organization_1/Analytics_Report/Text_Analysis/WordCloud</uri>
    </resource>
    <resource>
        <uri>/organizations/organization_1/Analytics_Report/Text_Analysis/Dashboard_Report/DetailsTranscriptReport</uri>
    </resource>
    <resource>
        <uri>/organizations/organization_1/Analytics_Report/Text_Analysis/Count_vs_Accuracy</uri>
    </resource>
</dashboardModelResource>
