<?xml version="1.0" encoding="UTF-8"?>
<reportUnit exportedWithPermissions="true">
    <folder>/organizations/organization_1/Analytics_Report/Text_Analysis</folder>
    <name>WordCloud</name>
    <version>0</version>
    <label>WordCloud</label>
    <description></description>
    <creationDate>2019-03-15T11:49:31.904+05:30</creationDate>
    <updateDate>2019-03-09T14:42:57.463+05:30</updateDate>
    <mainReport>
        <localResource
            xmlns:xsi="http://www.w3.org/2001/XMLSchema-instance"
            exportedWithPermissions="false" dataFile="main_jrxml.data" xsi:type="fileResource">
            <folder>/organizations/organization_1/Analytics_Report/Text_Analysis/WordCloud_files</folder>
            <name>main_jrxml</name>
            <version>0</version>
            <label>Main jrxml</label>
            <creationDate>2019-03-15T11:49:31.904+05:30</creationDate>
            <updateDate>2019-03-09T14:42:57.115+05:30</updateDate>
            <fileType>jrxml</fileType>
        </localResource>
    </mainReport>
    <dataSource>
        <uri>/organizations/organization_1/Analytics_Report/mongoDB</uri>
    </dataSource>
    <resource>
        <localResource
            xmlns:xsi="http://www.w3.org/2001/XMLSchema-instance"
            exportedWithPermissions="false"
            dataFile="kpro_logo.png.data" xsi:type="fileResource">
            <folder>/organizations/organization_1/Analytics_Report/Text_Analysis/WordCloud_files</folder>
            <name>kpro_logo.png</name>
            <version>0</version>
            <label>kpro logo.png</label>
            <creationDate>2019-03-15T11:49:31.904+05:30</creationDate>
            <updateDate>2019-03-09T14:42:57.290+05:30</updateDate>
            <fileType>img</fileType>
        </localResource>
    </resource>
    <alwaysPromptControls>true</alwaysPromptControls>
    <controlsLayout>1</controlsLayout>
</reportUnit>
