<?xml version="1.0" encoding="UTF-8"?>
<folder exportedWithPermissions="true">
    <parent>/organizations/organization_1/analysis</parent>
    <name>datasources</name>
    <label>Analysis Data Sources</label>
    <description>Data sources used by Analysis</description>
    <creationDate>2019-03-15T10:25:41.317+05:30</creationDate>
    <updateDate>2018-05-05T18:23:30.132+05:30</updateDate>
    <resource>FoodmartDataSource</resource>
    <resource>FoodmartDataSourceJNDI</resource>
    <resource>SugarCRMDataSource</resource>
    <resource>SugarCRMDataSourceJNDI</resource>
</folder>
