<?xml version="1.0" encoding="UTF-8"?>
<jndiJdbcDataSource exportedWithPermissions="true">
    <folder>/organizations/organization_1/analysis/datasources</folder>
    <name>FoodmartDataSourceJNDI</name>
    <version>1</version>
    <label>Foodmart Data Source JNDI</label>
    <description>Foodmart Data Source JNDI</description>
    <creationDate>2019-03-15T11:49:00.633+05:30</creationDate>
    <updateDate>2018-05-05T18:23:30.374+05:30</updateDate>
    <jndiName>jdbc/foodmart</jndiName>
</jndiJdbcDataSource>
