<?xml version="1.0" encoding="UTF-8"?>
<jdbcDataSource exportedWithPermissions="true">
    <folder>/organizations/organization_1/analysis/datasources</folder>
    <name>FoodmartDataSource</name>
    <version>1</version>
    <label>Foodmart Data Source</label>
    <description>Foodmart Data Source</description>
    <creationDate>2019-03-15T11:49:30.879+05:30</creationDate>
    <updateDate>2018-05-05T18:23:30.354+05:30</updateDate>
    <driver>org.postgresql.Driver</driver>
    <connectionUrl>jdbc:postgresql://ci-catalogs-postgresql.jaspersoft.com:5432/foodmart</connectionUrl>
    <connectionUser>ci_agent</connectionUser>
    <connectionPassword>ENC&lt;59B697F147BA98DE28528F2DB3B3D84C&gt;</connectionPassword>
</jdbcDataSource>
