<?xml version="1.0" encoding="UTF-8"?>
<jndiJdbcDataSource exportedWithPermissions="true">
    <folder>/organizations/organization_1/analysis/datasources</folder>
    <name>SugarCRMDataSourceJNDI</name>
    <version>1</version>
    <label>SugarCRM Data Source JNDI</label>
    <description>SugarCRM Data Source JNDI</description>
    <creationDate>2019-03-15T11:49:00.691+05:30</creationDate>
    <updateDate>2018-05-05T18:23:30.417+05:30</updateDate>
    <jndiName>jdbc/sugarcrm</jndiName>
</jndiJdbcDataSource>
