<?xml version="1.0" encoding="UTF-8"?>
<folder exportedWithPermissions="true">
    <parent>/organizations/organization_1/Analytics_Report</parent>
    <name>Twitter</name>
    <label>Twitter</label>
    <description></description>
    <creationDate>2019-03-15T11:48:55.425+05:30</creationDate>
    <updateDate>2019-03-09T12:25:01.900+05:30</updateDate>
    <resource>FinalReport</resource>
    <resource>Twitter_-_TreeMap</resource>
    <resource>Twitter_Dashboard</resource>
    <resource>Twitter_Details_Report</resource>
    <resource>TwitterChart</resource>
    <resource>Twitter-StackedChart</resource>
</folder>
