<?xml version="1.0" encoding="UTF-8"?>
<reportUnit exportedWithPermissions="true">
    <folder>/organizations/organization_1/Analytics_Report/Twitter</folder>
    <name>Twitter-StackedChart</name>
    <version>0</version>
    <label>Twitter-StackedChart</label>
    <description></description>
    <creationDate>2019-03-15T11:49:32.339+05:30</creationDate>
    <updateDate>2019-03-13T16:03:09.714+05:30</updateDate>
    <mainReport>
        <localResource
            xmlns:xsi="http://www.w3.org/2001/XMLSchema-instance"
            exportedWithPermissions="false" dataFile="main_jrxml.data" xsi:type="fileResource">
            <folder>/organizations/organization_1/Analytics_Report/Twitter/Twitter-StackedChart_files</folder>
            <name>main_jrxml</name>
            <version>0</version>
            <label>Main jrxml</label>
            <creationDate>2019-03-15T11:49:32.339+05:30</creationDate>
            <updateDate>2019-03-13T16:03:09.714+05:30</updateDate>
            <fileType>jrxml</fileType>
        </localResource>
    </mainReport>
    <dataSource>
        <uri>/organizations/organization_1/Analytics_Report/mongoDB</uri>
    </dataSource>
    <alwaysPromptControls>true</alwaysPromptControls>
    <controlsLayout>1</controlsLayout>
</reportUnit>
