<?xml version="1.0" encoding="UTF-8"?>
<mondrianXmlaDefinition exportedWithPermissions="true">
    <folder>/organizations/organization_1/analysis/xmla/definitions</folder>
    <name>FoodmartXmlaDefinition</name>
    <version>1</version>
    <label>Foodmart Mondrian XMLA definition</label>
    <description>Foodmart Mondrian XMLA definition</description>
    <creationDate>2019-03-15T11:49:37.416+05:30</creationDate>
    <updateDate>2018-05-05T18:23:30.688+05:30</updateDate>
    <catalog>Foodmart</catalog>
    <mondrianConnection>
        <uri>/organizations/organization_1/analysis/connections/Foodmart</uri>
    </mondrianConnection>
</mondrianXmlaDefinition>
