<?xml version="1.0" encoding="UTF-8"?>
<mondrianXmlaDefinition exportedWithPermissions="true">
    <folder>/organizations/organization_1/analysis/xmla/definitions</folder>
    <name>SugarCRMXmlaDefinition</name>
    <version>1</version>
    <label>SugarCRM Mondrian XMLA definition</label>
    <description>SugarCRM Mondrian XMLA definition</description>
    <creationDate>2019-03-15T11:49:37.472+05:30</creationDate>
    <updateDate>2018-05-05T18:23:30.716+05:30</updateDate>
    <catalog>SugarCRM</catalog>
    <mondrianConnection>
        <uri>/organizations/organization_1/analysis/connections/SugarCRM</uri>
    </mondrianConnection>
</mondrianXmlaDefinition>
