<?xml version="1.0" encoding="UTF-8"?>
<folder exportedWithPermissions="true">
    <parent>/organizations</parent>
    <name>organization_1</name>
    <label>Organization</label>
    <description>Organization</description>
    <creationDate>2019-03-15T10:25:37.332+05:30</creationDate>
    <updateDate>2018-05-05T18:23:31.422+05:30</updateDate>
    <folder>adhoc</folder>
    <folder>analysis</folder>
    <folder>Analytics_Report</folder>
    <folder>ContentFiles</folder>
    <folder>dashboards</folder>
    <folder>datasources</folder>
    <folder>Domains</folder>
    <folder>images</folder>
    <folder>Kpro</folder>
    <folder>organizations</folder>
    <folder>performance</folder>
    <folder>reports</folder>
    <folder>supermart</folder>
    <folder>temp</folder>
    <folder>templates</folder>
    <folder>themes</folder>
</folder>
