<?xml version="1.0" encoding="UTF-8"?>
<folder exportedWithPermissions="true">
    <parent>/organizations/organization_1/Analytics_Report</parent>
    <name>WebCam</name>
    <label>VideoAnalytics</label>
    <description></description>
    <creationDate>2019-03-15T11:48:55.484+05:30</creationDate>
    <updateDate>2019-03-09T14:27:02.240+05:30</updateDate>
    <resource>Incident_Bar-chart</resource>
    <resource>Incident_chart</resource>
    <resource>Incident_Stacked</resource>
    <resource>Incident_Treemap</resource>
    <resource>IncidentToAction</resource>
    <resource>IncidentToActionDetailsReport</resource>
    <resource>WebCam_Dashboard_Report</resource>
</folder>
