<?xml version="1.0" encoding="UTF-8"?>
<reportUnit exportedWithPermissions="true">
    <folder>/organizations/organization_1/Analytics_Report/WebCam</folder>
    <name>IncidentToAction</name>
    <version>0</version>
    <label>IncidentToAction</label>
    <description></description>
    <creationDate>2019-03-15T11:49:32.710+05:30</creationDate>
    <updateDate>2019-03-09T02:08:11.820+05:30</updateDate>
    <mainReport>
        <localResource
            xmlns:xsi="http://www.w3.org/2001/XMLSchema-instance"
            exportedWithPermissions="false" dataFile="main_jrxml.data" xsi:type="fileResource">
            <folder>/organizations/organization_1/Analytics_Report/WebCam/IncidentToAction_files</folder>
            <name>main_jrxml</name>
            <version>0</version>
            <label>Main jrxml</label>
            <creationDate>2019-03-15T11:49:32.710+05:30</creationDate>
            <updateDate>2019-03-09T02:08:11.636+05:30</updateDate>
            <fileType>jrxml</fileType>
        </localResource>
    </mainReport>
    <dataSource>
        <uri>/organizations/organization_1/Analytics_Report/mongoDB</uri>
    </dataSource>
    <inputControl>
        <localResource
            xmlns:xsi="http://www.w3.org/2001/XMLSchema-instance"
            exportedWithPermissions="false" xsi:type="inputControl">
            <folder>/organizations/organization_1/Analytics_Report/WebCam/IncidentToAction_files</folder>
            <name>ObjectName</name>
            <version>0</version>
            <label>ObjectName</label>
            <description></description>
            <creationDate>2019-03-15T11:49:32.710+05:30</creationDate>
            <updateDate>2019-03-09T02:08:11.820+05:30</updateDate>
            <type>4</type>
            <mandatory>true</mandatory>
            <readOnly>false</readOnly>
            <visible>true</visible>
            <query>
                <localResource exportedWithPermissions="false" xsi:type="query">
                    <folder>/organizations/organization_1/Analytics_Report/WebCam/IncidentToAction_files/ObjectName_files</folder>
                    <name>ID</name>
                    <version>0</version>
                    <label>ID</label>
                    <description></description>
                    <creationDate>2019-03-15T11:49:32.710+05:30</creationDate>
                    <updateDate>2019-03-09T02:08:11.820+05:30</updateDate>
                    <language>MongoDbQuery</language>
                    <queryString>{
    'collectionName' : 'IncidentToAction_distinctID_view'
}</queryString>
                    <dataSource>
                        <uri>/organizations/organization_1/Analytics_Report/mongoDB</uri>
                    </dataSource>
                </localResource>
            </query>
            <queryVisibleColumn>ID</queryVisibleColumn>
            <queryVisibleColumn>Name</queryVisibleColumn>
            <queryValueColumn>ID</queryValueColumn>
        </localResource>
    </inputControl>
    <inputControlRenderingView></inputControlRenderingView>
    <alwaysPromptControls>true</alwaysPromptControls>
    <controlsLayout>4</controlsLayout>
</reportUnit>
