<?xml version="1.0" encoding="UTF-8"?>
<dashboardModelResource exportedWithPermissions="true">
    <folder>/organizations/organization_1/Analytics_Report/WebCam</folder>
    <name>WebCam_Dashboard_Report</name>
    <version>0</version>
    <label>Video Analytics Dashboard</label>
    <description></description>
    <creationDate>2019-03-15T11:49:32.839+05:30</creationDate>
    <updateDate>2019-03-13T14:40:04.346+05:30</updateDate>
    <defaultFoundation>default</defaultFoundation>
    <foundation>
        <id>default</id>
        <layout>layout</layout>
        <wiring>wiring</wiring>
        <components>components</components>
    </foundation>
    <resourceDescriptor>
        <type>wiring</type>
        <id>wiring</id>
    </resourceDescriptor>
    <resourceDescriptor>
        <type>layout</type>
        <id>layout</id>
    </resourceDescriptor>
    <resourceDescriptor>
        <type>components</type>
        <id>components</id>
    </resourceDescriptor>
    <resourceDescriptor>
        <type>reportUnit</type>
        <id>/Analytics_Report/WebCam/Incident_Bar-chart</id>
    </resourceDescriptor>
    <resourceDescriptor>
        <type>reportUnit</type>
        <id>/Analytics_Report/WebCam/Incident_Treemap</id>
    </resourceDescriptor>
    <resourceDescriptor>
        <type>reportUnit</type>
        <id>/Analytics_Report/WebCam/IncidentToAction</id>
    </resourceDescriptor>
    <resourceDescriptor>
        <type>inputControl</type>
        <id>/Analytics_Report/WebCam/IncidentToAction_files/ObjectName</id>
    </resourceDescriptor>
    <resource>
        <localResource
            xmlns:xsi="http://www.w3.org/2001/XMLSchema-instance"
            exportedWithPermissions="false" dataFile="wiring.data" xsi:type="fileResource">
            <folder>/organizations/organization_1/Analytics_Report/WebCam/WebCam_Dashboard_Report_files</folder>
            <name>wiring</name>
            <version>0</version>
            <label>wiring</label>
            <creationDate>2019-03-15T11:49:32.839+05:30</creationDate>
            <updateDate>2019-03-13T14:40:04.346+05:30</updateDate>
            <fileType>json</fileType>
        </localResource>
    </resource>
    <resource>
        <localResource
            xmlns:xsi="http://www.w3.org/2001/XMLSchema-instance"
            exportedWithPermissions="false" dataFile="layout" xsi:type="contentResource">
            <folder>/organizations/organization_1/Analytics_Report/WebCam/WebCam_Dashboard_Report_files</folder>
            <name>layout</name>
            <version>0</version>
            <label>layout</label>
            <creationDate>2019-03-15T11:49:32.839+05:30</creationDate>
            <updateDate>2019-03-13T14:40:04.346+05:30</updateDate>
            <fileType>html</fileType>
        </localResource>
    </resource>
    <resource>
        <localResource
            xmlns:xsi="http://www.w3.org/2001/XMLSchema-instance"
            exportedWithPermissions="false" dataFile="components.data" xsi:type="fileResource">
            <folder>/organizations/organization_1/Analytics_Report/WebCam/WebCam_Dashboard_Report_files</folder>
            <name>components</name>
            <version>0</version>
            <label>components</label>
            <creationDate>2019-03-15T11:49:32.839+05:30</creationDate>
            <updateDate>2019-03-13T14:40:04.346+05:30</updateDate>
            <fileType>dashboardComponent</fileType>
        </localResource>
    </resource>
    <resource>
        <uri>/organizations/organization_1/Analytics_Report/WebCam/Incident_Bar-chart</uri>
    </resource>
    <resource>
        <uri>/organizations/organization_1/Analytics_Report/WebCam/Incident_Treemap</uri>
    </resource>
    <resource>
        <uri>/organizations/organization_1/Analytics_Report/WebCam/IncidentToAction</uri>
    </resource>
    <resource>
        <localResource
            xmlns:xsi="http://www.w3.org/2001/XMLSchema-instance"
            exportedWithPermissions="false" xsi:type="inputControl">
            <folder>/organizations/organization_1/Analytics_Report/WebCam/WebCam_Dashboard_Report_files</folder>
            <name>ObjectName</name>
            <version>0</version>
            <label>ObjectName</label>
            <description></description>
            <creationDate>2019-03-15T11:49:32.839+05:30</creationDate>
            <updateDate>2019-03-09T02:11:00.028+05:30</updateDate>
            <type>4</type>
            <mandatory>true</mandatory>
            <readOnly>false</readOnly>
            <visible>true</visible>
            <query>
                <localResource exportedWithPermissions="false" xsi:type="query">
                    <folder>/organizations/organization_1/Analytics_Report/WebCam/WebCam_Dashboard_Report_files/ObjectName_files</folder>
                    <name>ID</name>
                    <version>0</version>
                    <label>ID</label>
                    <description></description>
                    <creationDate>2019-03-15T11:49:32.839+05:30</creationDate>
                    <updateDate>2019-03-09T02:11:00.028+05:30</updateDate>
                    <language>MongoDbQuery</language>
                    <queryString>{
    'collectionName' : 'IncidentToAction_distinctID_view'
}</queryString>
                    <dataSource>
                        <uri>/organizations/organization_1/Analytics_Report/mongoDB</uri>
                    </dataSource>
                </localResource>
            </query>
            <queryVisibleColumn>ID</queryVisibleColumn>
            <queryVisibleColumn>Name</queryVisibleColumn>
            <queryValueColumn>ID</queryValueColumn>
        </localResource>
    </resource>
</dashboardModelResource>
