<?xml version="1.0" encoding="UTF-8"?>
<folder exportedWithPermissions="true">
    <parent>/organizations/organization_1/analysis</parent>
    <name>schemas</name>
    <label>Analysis Schemas</label>
    <description>Schemas used by Analysis</description>
    <creationDate>2019-03-15T10:25:41.418+05:30</creationDate>
    <updateDate>2018-05-05T18:23:30.123+05:30</updateDate>
    <resource>FoodmartGrant</resource>
    <resource>FoodmartMultiVariableGrant</resource>
    <resource>FoodmartMultiVariableNoTopGrant</resource>
    <resource>FoodmartMultiVariableTopNoMemberGrant</resource>
    <resource>FoodmartNoTopGrant</resource>
    <resource>FoodmartSchema</resource>
    <resource>FoodmartSchemaUpper</resource>
    <resource>FoodmartVariableGrant</resource>
    <resource>SugarCRMSchema</resource>
    <resource>SugarCRMSchemaUpper</resource>
</folder>
