<?xml version="1.0" encoding="UTF-8"?>
<fileResource exportedWithPermissions="true" dataFile="FoodmartNoTopGrant.data">
    <folder>/organizations/organization_1/analysis/schemas</folder>
    <name>FoodmartNoTopGrant</name>
    <version>1</version>
    <label>Foodmart Grant without top levels</label>
    <description>ANALYSIS Foodmart Grant with no top levels allowing navigation in the browser</description>
    <creationDate>2019-03-15T11:49:30.649+05:30</creationDate>
    <updateDate>2018-05-05T18:23:51.953+05:30</updateDate>
    <fileType>accessGrantSchema</fileType>
</fileResource>
