<?xml version="1.0" encoding="UTF-8"?>
<fileResource exportedWithPermissions="true" dataFile="FoodmartSchemaUpper.data">
    <folder>/organizations/organization_1/analysis/schemas</folder>
    <name>FoodmartSchemaUpper</name>
    <version>1</version>
    <label>Foodmart Schema Uppercase</label>
    <description>Foodmart Analysis Schema Uppercase</description>
    <creationDate>2019-03-15T11:49:31.398+05:30</creationDate>
    <updateDate>2018-05-05T18:23:30.293+05:30</updateDate>
    <fileType>olapMondrianSchema</fileType>
</fileResource>
