<?xml version="1.0" encoding="UTF-8"?>
<fileResource exportedWithPermissions="true" dataFile="FoodmartVariableGrant.data">
    <folder>/organizations/organization_1/analysis/schemas</folder>
    <name>FoodmartVariableGrant</name>
    <version>1</version>
    <label>Foodmart Variable Grant</label>
    <description>ANALYSIS Foodmart Variable Grant</description>
    <creationDate>2019-03-15T11:49:31.451+05:30</creationDate>
    <updateDate>2018-05-05T18:23:51.976+05:30</updateDate>
    <fileType>accessGrantSchema</fileType>
</fileResource>
