<?xml version="1.0" encoding="UTF-8"?>
<fileResource exportedWithPermissions="true" dataFile="FoodmartGrant.data">
    <folder>/organizations/organization_1/analysis/schemas</folder>
    <name>FoodmartGrant</name>
    <version>1</version>
    <label>Foodmart Grant</label>
    <description>ANALYSIS Foodmart Grant</description>
    <creationDate>2019-03-15T11:49:31.196+05:30</creationDate>
    <updateDate>2018-05-05T18:23:51.930+05:30</updateDate>
    <fileType>accessGrantSchema</fileType>
</fileResource>
