<?xml version="1.0" encoding="UTF-8"?>
<fileResource exportedWithPermissions="true" dataFile="FoodmartMultiVariableGrant.data">
    <folder>/organizations/organization_1/analysis/schemas</folder>
    <name>FoodmartMultiVariableGrant</name>
    <version>1</version>
    <label>Foodmart Multi Variable Grant</label>
    <description>ANALYSIS Foodmart Multi Variable Grant</description>
    <creationDate>2019-03-15T11:49:31.246+05:30</creationDate>
    <updateDate>2018-05-05T18:23:51.999+05:30</updateDate>
    <fileType>accessGrantSchema</fileType>
</fileResource>
