<?xml version="1.0" encoding="UTF-8"?>
<fileResource exportedWithPermissions="true" dataFile="FoodmartMultiVariableTopNoMemberGrant.data">
    <folder>/organizations/organization_1/analysis/schemas</folder>
    <name>FoodmartMultiVariableTopNoMemberGrant</name>
    <version>1</version>
    <label>Foodmart Multi Variable Grant: top level and no member grants</label>
    <description>ANALYSIS Foodmart Multi Variable Grant. Has top level for Store and no member grants in Store</description>
    <creationDate>2019-03-15T11:49:31.347+05:30</creationDate>
    <updateDate>2018-05-05T18:23:52.043+05:30</updateDate>
    <fileType>accessGrantSchema</fileType>
</fileResource>
