<?xml version="1.0" encoding="UTF-8"?>
<fileResource exportedWithPermissions="true" dataFile="FoodmartSchema.data">
    <folder>/organizations/organization_1/analysis/schemas</folder>
    <name>FoodmartSchema</name>
    <version>1</version>
    <label>FoodmartSchema</label>
    <description>Foodmart Analysis Schema</description>
    <creationDate>2019-03-15T11:49:30.596+05:30</creationDate>
    <updateDate>2018-05-05T18:23:30.270+05:30</updateDate>
    <fileType>olapMondrianSchema</fileType>
</fileResource>
