<?xml version="1.0" encoding="UTF-8"?>
<fileResource exportedWithPermissions="true" dataFile="FoodmartMultiVariableNoTopGrant.data">
    <folder>/organizations/organization_1/analysis/schemas</folder>
    <name>FoodmartMultiVariableNoTopGrant</name>
    <version>1</version>
    <label>Foodmart Multi Variable Grant with no top level</label>
    <description>ANALYSIS Foodmart Multi Variable Grant. Has no top</description>
    <creationDate>2019-03-15T11:49:31.296+05:30</creationDate>
    <updateDate>2018-05-05T18:23:52.021+05:30</updateDate>
    <fileType>accessGrantSchema</fileType>
</fileResource>
