<?xml version="1.0" encoding="UTF-8"?>
<fileResource exportedWithPermissions="true" dataFile="SugarCRMSchemaUpper.data">
    <folder>/organizations/organization_1/analysis/schemas</folder>
    <name>SugarCRMSchemaUpper</name>
    <version>1</version>
    <label>SugarCRM Schema Uppercase</label>
    <description>SugarCRM Analysis Schema Upper Case</description>
    <creationDate>2019-03-15T11:49:31.506+05:30</creationDate>
    <updateDate>2018-05-05T18:23:30.334+05:30</updateDate>
    <fileType>olapMondrianSchema</fileType>
</fileResource>
