<?xml version="1.0" encoding="UTF-8"?>
<fileResource exportedWithPermissions="true" dataFile="SugarCRMSchema.data">
    <folder>/organizations/organization_1/analysis/schemas</folder>
    <name>SugarCRMSchema</name>
    <version>1</version>
    <label>SugarCRM Schema</label>
    <description>SugarCRM Analysis Schema</description>
    <creationDate>2019-03-15T11:49:30.763+05:30</creationDate>
    <updateDate>2018-05-05T18:23:30.314+05:30</updateDate>
    <fileType>olapMondrianSchema</fileType>
</fileResource>
