<?xml version="1.0" encoding="UTF-8"?>
<secureMondrianConnection exportedWithPermissions="true">
    <folder>/public/Samples/Data_Sources/connections</folder>
    <name>Foodmart2013</name>
    <version>1</version>
    <label>Foodmart</label>
    <description></description>
    <creationDate>2019-03-15T11:49:08.089+05:30</creationDate>
    <updateDate>2013-04-11T02:56:11.954+05:30</updateDate>
    <schema>
        <uri>/public/Samples/OLAP/Schemas/FoodmartSchema2013.xml</uri>
    </schema>
    <dataSource>
        <uri>/public/Samples/Data_Sources/FoodmartDataSourceJNDI</uri>
    </dataSource>
</secureMondrianConnection>
