<?xml version="1.0" encoding="UTF-8"?>
<folder exportedWithPermissions="true">
    <parent>/organizations/organization_1/organizations/org_template</parent>
    <name>temp</name>
    <label>Temp</label>
    <description>Temp</description>
    <creationDate>2019-03-15T10:25:43.137+05:30</creationDate>
    <updateDate>2018-05-05T18:23:31.441+05:30</updateDate>
    <permission>
        <permissionMask>1</permissionMask>
        <recipient recipientType="role">ROLE_USER</recipient>
    </permission>
</folder>
