<?xml version="1.0" encoding="UTF-8"?>
<folder exportedWithPermissions="true">
    <parent>/organizations/org_template/themes</parent>
    <name>default</name>
    <label>default</label>
    <description>default</description>
    <creationDate>2019-03-15T10:25:41.025+05:30</creationDate>
    <updateDate>2018-05-05T18:23:31.488+05:30</updateDate>
    <permission>
        <permissionMask>2</permissionMask>
        <recipient recipientType="role">ROLE_ADMINISTRATOR</recipient>
    </permission>
    <permission>
        <permissionMask>2</permissionMask>
        <recipient recipientType="role">ROLE_SUPERUSER</recipient>
    </permission>
</folder>
