<?xml version="1.0" encoding="UTF-8"?>
<fileResource exportedWithPermissions="true" dataFile="ProfileSchema.data">
    <folder>/organizations/organization_1/performance/schemas</folder>
    <name>ProfileSchema</name>
    <version>1</version>
    <label>Profile Schema</label>
    <description>Profile Performance Schema</description>
    <creationDate>2019-03-15T11:49:33.336+05:30</creationDate>
    <updateDate>2018-05-05T18:23:31.187+05:30</updateDate>
    <fileType>olapMondrianSchema</fileType>
</fileResource>
