<?xml version="1.0" encoding="UTF-8"?>
<secureMondrianConnection exportedWithPermissions="true">
    <folder>/organizations/organization_1/analysis/connections</folder>
    <name>Foodmart</name>
    <version>1</version>
    <label>Foodmart</label>
    <description>Foodmart Mondrian Analysis Connection</description>
    <creationDate>2019-03-15T11:49:30.656+05:30</creationDate>
    <updateDate>2018-05-05T18:23:52.067+05:30</updateDate>
    <schema>
        <uri>/organizations/organization_1/analysis/schemas/FoodmartSchema</uri>
    </schema>
    <dataSource>
        <uri>/organizations/organization_1/analysis/datasources/FoodmartDataSourceJNDI</uri>
    </dataSource>
    <grant>
        <uri>/organizations/organization_1/analysis/schemas/FoodmartNoTopGrant</uri>
    </grant>
</secureMondrianConnection>
