<?xml version="1.0" encoding="UTF-8"?>
<secureMondrianConnection exportedWithPermissions="true">
    <folder>/organizations/organization_1/analysis/connections</folder>
    <name>SugarCRM</name>
    <version>1</version>
    <label>SugarCRM</label>
    <description>SugarCRM Mondrian Analysis Connection: only opportunities</description>
    <creationDate>2019-03-15T11:49:30.772+05:30</creationDate>
    <updateDate>2018-05-05T18:23:30.537+05:30</updateDate>
    <schema>
        <uri>/organizations/organization_1/analysis/schemas/SugarCRMSchema</uri>
    </schema>
    <dataSource>
        <uri>/organizations/organization_1/analysis/datasources/SugarCRMDataSourceJNDI</uri>
    </dataSource>
</secureMondrianConnection>
