<?xml version="1.0" encoding="UTF-8"?>
<folder exportedWithPermissions="true">
    <parent>/organizations/organization_1</parent>
    <name>Analytics_Report</name>
    <label>Analytics Report</label>
    <description></description>
    <creationDate>2019-03-15T11:48:51.182+05:30</creationDate>
    <updateDate>2019-03-06T16:21:55.195+05:30</updateDate>
    <folder>Text_Analysis</folder>
    <folder>Twitter</folder>
    <folder>WebCam</folder>
    <resource>mongoDB</resource>
    <resource>TA</resource>
    <resource>test_v1</resource>
</folder>
