<?xml version="1.0" encoding="UTF-8"?>
<customDataSource exportedWithPermissions="true">
    <folder>/organizations/organization_1/Analytics_Report</folder>
    <name>mongoDB</name>
    <version>1</version>
    <label>mongoDB</label>
    <creationDate>2019-03-15T11:48:59.983+05:30</creationDate>
    <updateDate>2019-03-20T14:18:40.447+05:30</updateDate>
    <serviceClass>com.jaspersoft.mongodb.jasperserver.MongoDbDataSourceService</serviceClass>
    <property>
        <key>mongoURI</key>
        <value>mongodb://localhost:27017/pankaj</value>
    </property>
    <property>
        <key>schema</key>
        <value></value>
    </property>
    <property>
        <key>password</key>
        <value>ENC&lt;A4CCC10BA5853CF06C3390E46FE9B1AC&gt;</value>
    </property>
    <property>
        <key>_cds_name</key>
        <value>MongoDbDataSource</value>
    </property>
    <property>
        <key>username</key>
        <value>jasperadmin</value>
    </property>
</customDataSource>
