<?xml version="1.0" encoding="UTF-8"?>
<folder exportedWithPermissions="true">
    <parent>/organizations/organization_1/supermart</parent>
    <name>Common</name>
    <label>Common</label>
    <description>Modifiable by Administrators. Resource bundles for localization, input controls, etc.</description>
    <creationDate>2019-03-15T10:25:42.123+05:30</creationDate>
    <updateDate>2018-05-05T18:23:51.254+05:30</updateDate>
    <resource>productFamily</resource>
    <resource>ProductFamilyList</resource>
    <resource>supermart_de.properties</resource>
    <resource>supermart_en_US.properties</resource>
    <resource>supermart_es.properties</resource>
    <resource>supermart_fr.properties</resource>
    <resource>supermart_ja.properties</resource>
    <resource>supermart_zh_CN.properties</resource>
    <resource>supermart.properties</resource>
</folder>
