<?xml version="1.0" encoding="UTF-8"?>
<inputControl exportedWithPermissions="true">
    <folder>/organizations/organization_1/supermart/Common</folder>
    <name>productFamily</name>
    <version>1</version>
    <label>Product Family</label>
    <description>Uses ProductFamilyList. Maps to productFamily parameter.</description>
    <creationDate>2019-03-15T11:49:29.867+05:30</creationDate>
    <updateDate>2018-05-05T18:23:51.685+05:30</updateDate>
    <type>3</type>
    <mandatory>true</mandatory>
    <readOnly>false</readOnly>
    <visible>true</visible>
    <listOfValues>
        <uri>/organizations/organization_1/supermart/Common/ProductFamilyList</uri>
    </listOfValues>
</inputControl>
