<?xml version="1.0" encoding="UTF-8"?>
<fileResource exportedWithPermissions="true" dataFile="supermart_fr.properties.data">
    <folder>/organizations/organization_1/supermart/Common</folder>
    <name>supermart_fr.properties</name>
    <version>1</version>
    <label>supermart_fr.properties</label>
    <description>French resource bundle</description>
    <creationDate>2019-03-15T11:49:30.122+05:30</creationDate>
    <updateDate>2018-05-05T18:23:51.741+05:30</updateDate>
    <fileType>prop</fileType>
</fileResource>
