<?xml version="1.0" encoding="UTF-8"?>
<fileResource exportedWithPermissions="true" dataFile="supermart_de.properties.data">
    <folder>/organizations/organization_1/supermart/Common</folder>
    <name>supermart_de.properties</name>
    <version>1</version>
    <label>supermart_de.properties</label>
    <description>German resource bundle</description>
    <creationDate>2019-03-15T11:49:29.976+05:30</creationDate>
    <updateDate>2018-05-05T18:23:51.709+05:30</updateDate>
    <fileType>prop</fileType>
</fileResource>
