<?xml version="1.0" encoding="UTF-8"?>
<fileResource exportedWithPermissions="true" dataFile="supermart.properties.data">
    <folder>/organizations/organization_1/supermart/Common</folder>
    <name>supermart.properties</name>
    <version>1</version>
    <label>supermart.properties</label>
    <description>Base resource bundle</description>
    <creationDate>2019-03-15T11:49:29.925+05:30</creationDate>
    <updateDate>2018-05-05T18:23:51.698+05:30</updateDate>
    <fileType>prop</fileType>
</fileResource>
