<?xml version="1.0" encoding="UTF-8"?>
<fileResource exportedWithPermissions="true" dataFile="supermart_en_US.properties.data">
    <folder>/organizations/organization_1/supermart/Common</folder>
    <name>supermart_en_US.properties</name>
    <version>1</version>
    <label>supermart_en_US.properties</label>
    <description>US English resource bundle</description>
    <creationDate>2019-03-15T11:49:30.027+05:30</creationDate>
    <updateDate>2018-05-05T18:23:51.720+05:30</updateDate>
    <fileType>prop</fileType>
</fileResource>
