<?xml version="1.0" encoding="UTF-8"?>
<folder exportedWithPermissions="true">
    <parent>/organizations/organization_1/Kpro</parent>
    <name>Pankaj</name>
    <label>Pankaj</label>
    <description></description>
    <creationDate>2019-03-15T11:48:55.701+05:30</creationDate>
    <updateDate>2019-02-20T16:49:23.986+05:30</updateDate>
    <resource>New_Dashboard</resource>
    <resource>TaskReport</resource>
    <resource>TaskReport_1</resource>
    <resource>TaskReport_2</resource>
    <resource>TaskStatus_count</resource>
</folder>
