<?xml version="1.0" encoding="UTF-8"?>
<dashboardModelResource exportedWithPermissions="true">
    <folder>/organizations/organization_1/Kpro/Pankaj</folder>
    <name>New_Dashboard</name>
    <version>0</version>
    <label>New Dashboard</label>
    <creationDate>2019-03-15T11:49:33.128+05:30</creationDate>
    <updateDate>2019-02-20T17:06:56.768+05:30</updateDate>
    <defaultFoundation>default</defaultFoundation>
    <foundation>
        <id>default</id>
        <layout>layout</layout>
        <wiring>wiring</wiring>
        <components>components</components>
    </foundation>
    <resourceDescriptor>
        <type>wiring</type>
        <id>wiring</id>
    </resourceDescriptor>
    <resourceDescriptor>
        <type>layout</type>
        <id>layout</id>
    </resourceDescriptor>
    <resourceDescriptor>
        <type>components</type>
        <id>components</id>
    </resourceDescriptor>
    <resourceDescriptor>
        <type>reportUnit</type>
        <id>/Kpro/Pankaj/TaskStatus_count</id>
    </resourceDescriptor>
    <resourceDescriptor>
        <type>reportUnit</type>
        <id>/Kpro/Pankaj/TaskReport</id>
    </resourceDescriptor>
    <resourceDescriptor>
        <type>reportUnit</type>
        <id>/Kpro/Pankaj/TaskReport_1</id>
    </resourceDescriptor>
    <resourceDescriptor>
        <type>inputControl</type>
        <id>/Kpro/Pankaj/TaskReport_files/Resource_Name</id>
    </resourceDescriptor>
    <resourceDescriptor>
        <type>inputControl</type>
        <id>/Kpro/Pankaj/TaskReport_files/Week</id>
    </resourceDescriptor>
    <resource>
        <localResource
            xmlns:xsi="http://www.w3.org/2001/XMLSchema-instance"
            exportedWithPermissions="false" dataFile="wiring.data" xsi:type="fileResource">
            <folder>/organizations/organization_1/Kpro/Pankaj/New_Dashboard_files</folder>
            <name>wiring</name>
            <version>0</version>
            <label>wiring</label>
            <creationDate>2019-03-15T11:49:33.128+05:30</creationDate>
            <updateDate>2019-02-20T17:06:56.768+05:30</updateDate>
            <fileType>json</fileType>
        </localResource>
    </resource>
    <resource>
        <localResource
            xmlns:xsi="http://www.w3.org/2001/XMLSchema-instance"
            exportedWithPermissions="false" dataFile="layout" xsi:type="contentResource">
            <folder>/organizations/organization_1/Kpro/Pankaj/New_Dashboard_files</folder>
            <name>layout</name>
            <version>0</version>
            <label>layout</label>
            <creationDate>2019-03-15T11:49:33.128+05:30</creationDate>
            <updateDate>2019-02-20T17:06:56.768+05:30</updateDate>
            <fileType>html</fileType>
        </localResource>
    </resource>
    <resource>
        <localResource
            xmlns:xsi="http://www.w3.org/2001/XMLSchema-instance"
            exportedWithPermissions="false" dataFile="components.data" xsi:type="fileResource">
            <folder>/organizations/organization_1/Kpro/Pankaj/New_Dashboard_files</folder>
            <name>components</name>
            <version>0</version>
            <label>components</label>
            <creationDate>2019-03-15T11:49:33.128+05:30</creationDate>
            <updateDate>2019-02-20T17:06:56.768+05:30</updateDate>
            <fileType>dashboardComponent</fileType>
        </localResource>
    </resource>
    <resource>
        <uri>/organizations/organization_1/Kpro/Pankaj/TaskStatus_count</uri>
    </resource>
    <resource>
        <uri>/organizations/organization_1/Kpro/Pankaj/TaskReport</uri>
    </resource>
    <resource>
        <uri>/organizations/organization_1/Kpro/Pankaj/TaskReport_1</uri>
    </resource>
    <resource>
        <localResource
            xmlns:xsi="http://www.w3.org/2001/XMLSchema-instance"
            exportedWithPermissions="false" xsi:type="inputControl">
            <folder>/organizations/organization_1/Kpro/Pankaj/New_Dashboard_files</folder>
            <name>Resource_Name</name>
            <version>0</version>
            <label>Resource_Name</label>
            <description></description>
            <creationDate>2019-03-15T11:49:33.128+05:30</creationDate>
            <updateDate>2019-02-20T17:06:56.768+05:30</updateDate>
            <type>4</type>
            <mandatory>true</mandatory>
            <readOnly>false</readOnly>
            <visible>true</visible>
            <query>
                <localResource exportedWithPermissions="false" xsi:type="query">
                    <folder>/organizations/organization_1/Kpro/Pankaj/New_Dashboard_files/Resource_Name_files</folder>
                    <name>resource_name</name>
                    <version>0</version>
                    <label>resource_name</label>
                    <description></description>
                    <creationDate>2019-03-15T11:49:33.128+05:30</creationDate>
                    <updateDate>2019-02-20T17:06:56.768+05:30</updateDate>
                    <language>sql</language>
                    <queryString>select distinct resource from sample</queryString>
                    <dataSource>
                        <uri>/organizations/organization_1/datasources/MySQL</uri>
                    </dataSource>
                </localResource>
            </query>
            <queryVisibleColumn>resource</queryVisibleColumn>
            <queryValueColumn>resource</queryValueColumn>
        </localResource>
    </resource>
    <resource>
        <localResource
            xmlns:xsi="http://www.w3.org/2001/XMLSchema-instance"
            exportedWithPermissions="false" xsi:type="inputControl">
            <folder>/organizations/organization_1/Kpro/Pankaj/New_Dashboard_files</folder>
            <name>Week</name>
            <version>0</version>
            <label>Week</label>
            <creationDate>2019-03-15T11:49:33.128+05:30</creationDate>
            <updateDate>2019-02-20T17:06:56.768+05:30</updateDate>
            <type>4</type>
            <mandatory>false</mandatory>
            <readOnly>false</readOnly>
            <visible>true</visible>
            <query>
                <localResource exportedWithPermissions="false" xsi:type="query">
                    <folder>/organizations/organization_1/Kpro/Pankaj/New_Dashboard_files/Week_files</folder>
                    <name>Query</name>
                    <version>0</version>
                    <label>Query</label>
                    <creationDate>2019-03-15T11:49:33.128+05:30</creationDate>
                    <updateDate>2019-02-20T17:06:56.768+05:30</updateDate>
                    <language>sql</language>
                    <queryString>select distinct week from sample where resource = $P{Resource_Name} order by week</queryString>
                    <dataSource>
                        <uri>/organizations/organization_1/datasources/MySQL</uri>
                    </dataSource>
                </localResource>
            </query>
            <queryVisibleColumn>week</queryVisibleColumn>
            <queryValueColumn>week</queryValueColumn>
        </localResource>
    </resource>
</dashboardModelResource>
