<?xml version="1.0" encoding="UTF-8"?>
<reportUnit exportedWithPermissions="true">
    <folder>/organizations/organization_1/Kpro/Pankaj</folder>
    <name>TaskStatus_count</name>
    <version>0</version>
    <label>TaskStatus_count</label>
    <description></description>
    <creationDate>2019-03-15T11:49:32.959+05:30</creationDate>
    <updateDate>2019-02-20T16:41:31.446+05:30</updateDate>
    <mainReport>
        <localResource
            xmlns:xsi="http://www.w3.org/2001/XMLSchema-instance"
            exportedWithPermissions="false" dataFile="main_jrxml.data" xsi:type="fileResource">
            <folder>/organizations/organization_1/Kpro/Pankaj/TaskStatus_count_files</folder>
            <name>main_jrxml</name>
            <version>0</version>
            <label>main_jrxml</label>
            <creationDate>2019-03-15T11:49:32.959+05:30</creationDate>
            <updateDate>2019-02-20T16:56:32.364+05:30</updateDate>
            <fileType>jrxml</fileType>
        </localResource>
    </mainReport>
    <dataSource>
        <uri>/organizations/organization_1/datasources/MySQL</uri>
    </dataSource>
    <alwaysPromptControls>true</alwaysPromptControls>
    <controlsLayout>1</controlsLayout>
</reportUnit>
