<?xml version="1.0" encoding="UTF-8"?>
<reportUnit exportedWithPermissions="true">
    <folder>/organizations/organization_1/Kpro/Pankaj</folder>
    <name>TaskReport_2</name>
    <version>0</version>
    <label>TaskReport (1)</label>
    <description></description>
    <creationDate>2019-03-15T11:49:33.209+05:30</creationDate>
    <updateDate>2019-02-22T17:50:22.432+05:30</updateDate>
    <mainReport>
        <localResource
            xmlns:xsi="http://www.w3.org/2001/XMLSchema-instance"
            exportedWithPermissions="false" dataFile="main_jrxml.data" xsi:type="fileResource">
            <folder>/organizations/organization_1/Kpro/Pankaj/TaskReport_2_files</folder>
            <name>main_jrxml</name>
            <version>0</version>
            <label>Main jrxml</label>
            <creationDate>2019-03-15T11:49:33.209+05:30</creationDate>
            <updateDate>2019-02-22T17:54:04.619+05:30</updateDate>
            <fileType>jrxml</fileType>
        </localResource>
    </mainReport>
    <dataSource>
        <uri>/organizations/organization_1/datasources/MySQL</uri>
    </dataSource>
    <inputControl>
        <localResource
            xmlns:xsi="http://www.w3.org/2001/XMLSchema-instance"
            exportedWithPermissions="false" xsi:type="inputControl">
            <folder>/organizations/organization_1/Kpro/Pankaj/TaskReport_2_files</folder>
            <name>Resource_Name</name>
            <version>0</version>
            <label>Resource</label>
            <description></description>
            <creationDate>2019-03-15T11:49:33.209+05:30</creationDate>
            <updateDate>2019-02-22T17:54:04.619+05:30</updateDate>
            <type>4</type>
            <mandatory>true</mandatory>
            <readOnly>false</readOnly>
            <visible>true</visible>
            <query>
                <localResource exportedWithPermissions="false" xsi:type="query">
                    <folder>/organizations/organization_1/Kpro/Pankaj/TaskReport_2_files/Resource_Name_files</folder>
                    <name>resource_name</name>
                    <version>0</version>
                    <label>resource_name</label>
                    <description></description>
                    <creationDate>2019-03-15T11:49:33.209+05:30</creationDate>
                    <updateDate>2019-02-22T17:54:04.619+05:30</updateDate>
                    <language>sql</language>
                    <queryString>select distinct resource from sample</queryString>
                    <dataSource>
                        <uri>/organizations/organization_1/datasources/MySQL</uri>
                    </dataSource>
                </localResource>
            </query>
            <queryVisibleColumn>resource</queryVisibleColumn>
            <queryValueColumn>resource</queryValueColumn>
        </localResource>
    </inputControl>
    <inputControl>
        <localResource
            xmlns:xsi="http://www.w3.org/2001/XMLSchema-instance"
            exportedWithPermissions="false" xsi:type="inputControl">
            <folder>/organizations/organization_1/Kpro/Pankaj/TaskReport_2_files</folder>
            <name>Week</name>
            <version>0</version>
            <label>Week</label>
            <creationDate>2019-03-15T11:49:33.209+05:30</creationDate>
            <updateDate>2019-02-22T17:54:04.619+05:30</updateDate>
            <type>4</type>
            <mandatory>false</mandatory>
            <readOnly>false</readOnly>
            <visible>true</visible>
            <query>
                <localResource exportedWithPermissions="false" xsi:type="query">
                    <folder>/organizations/organization_1/Kpro/Pankaj/TaskReport_2_files/Week_files</folder>
                    <name>Query</name>
                    <version>0</version>
                    <label>Query</label>
                    <creationDate>2019-03-15T11:49:33.209+05:30</creationDate>
                    <updateDate>2019-02-22T17:54:04.619+05:30</updateDate>
                    <language>sql</language>
                    <queryString>select distinct week from sample where resource = $P{Resource_Name} order by week</queryString>
                    <dataSource>
                        <uri>/organizations/organization_1/datasources/MySQL</uri>
                    </dataSource>
                </localResource>
            </query>
            <queryVisibleColumn>week</queryVisibleColumn>
            <queryValueColumn>week</queryValueColumn>
        </localResource>
    </inputControl>
    <inputControlRenderingView></inputControlRenderingView>
    <alwaysPromptControls>true</alwaysPromptControls>
    <controlsLayout>4</controlsLayout>
</reportUnit>
