<?xml version="1.0" encoding="UTF-8"?>
<folder exportedWithPermissions="true">
    <parent>/organizations/organization_1/organizations/org_template/adhoc</parent>
    <name>topics</name>
    <label>Topics</label>
    <description>Topics</description>
    <creationDate>2019-03-15T10:25:43.771+05:30</creationDate>
    <updateDate>2018-05-05T18:23:31.459+05:30</updateDate>
    <permission>
        <permissionMask>30</permissionMask>
        <recipient recipientType="role">ROLE_USER</recipient>
    </permission>
</folder>
