<?xml version="1.0" encoding="UTF-8"?>
<fileResource exportedWithPermissions="true" dataFile="ui-bg_gloss-wave_55_5c9ccc_500x100.png.data">
    <folder>/organizations/organization_1/themes/default/jquery-ui/images</folder>
    <name>ui-bg_gloss-wave_55_5c9ccc_500x100.png</name>
    <version>0</version>
    <label>ui-bg_gloss-wave_55_5c9ccc_500x100.png</label>
    <creationDate>2019-03-15T10:26:27.586+05:30</creationDate>
    <updateDate>2018-05-05T18:23:24.196+05:30</updateDate>
    <fileType>img</fileType>
</fileResource>
