<?xml version="1.0" encoding="UTF-8"?>
<secureMondrianConnection exportedWithPermissions="true">
    <folder>/organizations/organization_1/performance/connections</folder>
    <name>Profile</name>
    <version>1</version>
    <label>Profile Mondrian Connection</label>
    <description>Profile Performance Connection</description>
    <creationDate>2019-03-15T11:49:33.400+05:30</creationDate>
    <updateDate>2018-05-05T18:23:31.216+05:30</updateDate>
    <schema>
        <uri>/organizations/organization_1/performance/schemas/ProfileSchema</uri>
    </schema>
    <dataSource>
        <uri>/organizations/organization_1/performance/datasources/ProfileDataSourceJNDI</uri>
    </dataSource>
</secureMondrianConnection>
