<?xml version="1.0" encoding="UTF-8"?>
<customDataSource exportedWithPermissions="true">
    <folder>/public/diagnostic</folder>
    <name>JSDiagnosticDataSource</name>
    <version>1</version>
    <label>Diagnostic Data Source</label>
    <description></description>
    <creationDate>2019-03-15T11:48:57.966+05:30</creationDate>
    <updateDate>2012-09-06T18:52:12.774+05:30</updateDate>
    <serviceClass>com.jaspersoft.jasperserver.api.logging.diagnostic.datasource.DiagnosticCustomDataSourceService</serviceClass>
    <property>
        <key>_cds_name</key>
        <value>diagnosticCustomDataSource</value>
    </property>
</customDataSource>
