<?xml version="1.0" encoding="UTF-8"?>
<fileResource exportedWithPermissions="true" dataFile="button_action_primary_sprite.png.data">
    <folder>/organizations/organization_1/themes/jasper_dark/images</folder>
    <name>button_action_primary_sprite.png</name>
    <version>0</version>
    <label>button_action_primary_sprite.png</label>
    <creationDate>2019-03-15T10:26:23.827+05:30</creationDate>
    <updateDate>2018-05-05T18:23:27.590+05:30</updateDate>
    <fileType>img</fileType>
</fileResource>
