<?xml version="1.0" encoding="UTF-8"?>
<fileResource exportedWithPermissions="true" dataFile="disclosure_indicators_sprite.png.data">
    <folder>/organizations/organization_1/themes/jasper_dark/images</folder>
    <name>disclosure_indicators_sprite.png</name>
    <version>0</version>
    <label>disclosure_indicators_sprite.png</label>
    <creationDate>2019-03-15T10:26:24.008+05:30</creationDate>
    <updateDate>2018-05-05T18:23:27.755+05:30</updateDate>
    <fileType>img</fileType>
</fileResource>
